http://www2.williamhill.com/ ,https://sports.williamhill.com/acc/en-gb?action=GoRegister&source=SB
http://www2.williamhill.com/ie/,https://sports.williamhill.com/acc/en-gb?action=GoRegister&source=SB
http://www2.williamhill.com/ca/,https://sports.williamhill.com/acc/en-ca?action=GoRegister&source=SB
http://www2.williamhill.com/at/,https://sports.williamhill.com/acc/de-at?action=GoRegister&source=SB
http://www2.williamhill.com/cy/,https://sports.williamhill.com/acc/el?action=GoRegister&source=SB
http://www2.williamhill.com/cz/,https://sports.williamhill.com/acc/cs?action=GoRegister&source=SB
http://www2.williamhill.com/da/,https://sports.williamhill.com/acc/en-gb?action=GoRegister&source=SB
http://www2.williamhill.com/de/,https://sports.williamhill.com/acc/de-de?action=GoRegister&source=SB
http://www2.williamhill.com/el/,https://sports.williamhill.com/acc/el?action=GoRegister&source=SB
http://www2.williamhill.com/es/,https://sports.williamhill.com/acc/es-es?action=GoRegister&source=SB
http://www2.williamhill.com/fi/,https://sports.williamhill.com/acc/fi?action=GoRegister&source=SB
http://www2.williamhill.com/fr/,https://sports.williamhill.com/acc/fr-fr?action=GoRegister&source=SB
http://www2.williamhill.com/hu/,https://sports.williamhill.com/acc/hu?action=GoRegister&source=SB
http://www2.williamhill.com/jp/,https://sports.williamhill.com/acc/ja?action=GoRegister&source=SB
http://www2.williamhill.com/pl/,https://sports.williamhill.com/acc/pl?action=GoRegister&source=SB
http://www2.williamhill.com/pt/,https://sports.williamhill.com/acc/pt?action=GoRegister&source=SB
http://www2.williamhill.com/ro/,https://sports.williamhill.com/acc/ro?action=GoRegister&source=SB
http://www2.williamhill.com/ru/,https://sports.williamhill.com/acc/ru?action=GoRegister&source=SB
http://www2.williamhill.com/sh/,https://sports.williamhill.com/acc/sr?action=GoRegister&source=SB
http://www2.williamhill.com/sv/,https://sports.williamhill.com/acc/sv?action=GoRegister&source=SB
http://www2.williamhill.com/sl/,https://sports.williamhill.com/acc/sl?action=GoRegister&source=SB
http://www2.williamhill.com/no/,https://sports.williamhill.com/acc/no?action=GoRegister&source=SB
http://www2.williamhill.com/online-casino,https://sports.williamhill.com/acc/en-gb?action=GoRegister&source=CA
http://www2.williamhill.com/online-roulette,https://sports.williamhill.com/acc/en-gb?action=GoRegister&source=CA
http://www2.williamhill.com/fbslots,https://sports.williamhill.com/acc/en-gb?action=GoRegister&source=CA
http://www2.williamhill.com/fbroulette/,https://sports.williamhill.com/acc/en-gb?action=GoRegister&source=CA
http://www2.williamhill.com/casino-10free,https://sports.williamhill.com/acc/en-gb?action=GoRegister&source=CA
http://www2.williamhill.com/online-blackjack,https://sports.williamhill.com/acc/en-gb?action=GoRegister&source=CA
http://www2.williamhill.com/online-slots,https://sports.williamhill.com/acc/en-gb?action=GoRegister&source=CA
http://www2.williamhill.com/casino-online,https://sports.williamhill.com/acc/en-gb?action=GoRegister&source=CA
http://www2.williamhill.com/neteller,https://sports.williamhill.com/acc/en-gb?action=GoRegister&source=CA
http://www2.williamhill.com/slots-3lions,https://sports.williamhill.com/acc/en-gb?action=GoRegister&source=CA
http://www2.williamhill.com/casino-25free,https://sports.williamhill.com/acc/en-gb?action=GoRegister&source=CA
http://www2.williamhill.com/wowcher,https://sports.williamhill.com/acc/en-gb?action=GoRegister&source=SB
http://www2.williamhill.com/vegas-25free,https://sports.williamhill.com/acc/en-gb?action=GoRegister&source=VA
http://www2.williamhill.com/livecasino,https://sports.williamhill.com/acc/en-gb?action=GoRegister&source=VA
http://www2.williamhill.com/Cheltenham-betting,https://sports.williamhill.com/acc/en-gb?action=GoRegister&source=SB
http://www2.williamhill.com/Horseracing,https://sports.williamhill.com/acc/en-gb?action=GoRegister&source=SB
http://www2.williamhill.com/horseracing-betting,https://sports.williamhill.com/acc/en-gb?action=GoRegister&source=SB
http://www2.williamhill.com/football-betting,https://sports.williamhill.com/acc/en-gb?action=GoRegister&source=SB
http://www2.williamhill.com/grand-national,https://sports.williamhill.com/acc/en-gb?action=GoRegister&source=SB
http://www2.williamhill.com/online-betting,https://sports.williamhill.com/acc/en-gb?action=GoRegister&source=SB
http://www2.williamhill.com/f1-betting,https://sports.williamhill.com/acc/en-gb?action=GoRegister&source=SB
http://www2.williamhill.com/betting,https://sports.williamhill.com/acc/en-gb?action=GoRegister&source=SB
http://www2.williamhill.com/horse-racing,https://sports.williamhill.com/acc/en-gb?action=GoRegister&source=SB
http://www2.williamhill.com/golf-betting,https://sports.williamhill.com/acc/en-gb?action=GoRegister&source=SB
http://www2.williamhill.com/tennis-betting,https://sports.williamhill.com/acc/en-gb?action=GoRegister&source=SB
http://www2.williamhill.com/usopen-betting,https://sports.williamhill.com/acc/en-gb?action=GoRegister&source=SB
http://www2.williamhill.com/at/casinolp,https://sports.williamhill.com/acc/de-at?action=GoRegister&source=CA
http://www2.williamhill.com/at/online-casino,https://sports.williamhill.com/acc/de-at?action=GoRegister&source=CA
http://www2.williamhill.com/at/sportwetten,https://sports.williamhill.com/acc/de-at?action=GoRegister&source=SB
http://www2.williamhill.com/bingolp,https://sports.williamhill.com/acc/en-gb?action=GoRegister&source=BN
http://www2.williamhill.com/bingo-monday,https://sports.williamhill.com/acc/en-gb?action=GoRegister&source=SB
http://www2.williamhill.com/fbpoker,https://sports.williamhill.com/acc/en-gb?action=GoRegister&source=PK